ID,odor
2,a
3,l
4,p
5,n
6,a
7,a
8,l
9,p
10,a
11,l
12,a
13,a
14,p
15,n
16,n
17,n
18,p
19,p
20,p
21,a
22,p
23,l
24,a
25,l
26,p
27,a
28,l
29,n
30,a
31,l
32,p
33,l
34,l
35,l
36,l
37,n
38,p
39,a
40,l
41,a
42,l
43,n
44,p
45,a
46,a
47,l
48,l
49,l
50,l
51,a
52,l
53,l
54,p
55,p
56,a
57,n
58,a
59,l
60,a
61,n
62,a
63,l
64,l
65,l
66,n
67,l
68,a
69,a
70,n
71,l
72,l
73,l
74,a
75,a
76,l
77,l
78,l
79,p
80,a
81,n
82,p
83,n
84,n
85,l
86,n
87,a
88,l
89,l
90,n
91,n
92,l
93,a
94,l
95,n
96,a
97,l
98,a
99,a
100,a
101,n
102,l
103,l
104,a
105,l
106,a
107,a
108,l
109,a
110,a
111,l
112,n
113,a
114,a
115,p
116,l
117,n
118,l
119,l
120,n
121,p
122,a
123,p
124,n
125,l
126,n
127,a
128,n
129,l
130,l
131,l
132,l
133,l
134,l
135,a
136,p
137,l
138,a
139,p
140,l
141,a
142,l
143,n
144,a
145,a
146,n
147,n
148,l
149,l
150,a
151,a
152,n
153,l
154,n
155,a
156,l
157,a
158,a
159,a
160,a
161,l
162,a
163,n
164,l
165,a
166,l
167,a
168,a
169,l
170,a
171,n
172,l
173,l
174,a
175,l
176,l
177,a
178,a
179,l
180,l
181,p
182,n
183,n
184,a
185,a
186,p
187,l
188,n
189,l
190,a
191,n
192,l
193,l
194,a
195,a
196,n
197,a
198,l
199,l
200,a
201,l
202,l
203,a
204,n
205,l
206,p
207,a
208,a
209,l
210,a
211,a
212,l
213,a
214,n
215,a
216,l
217,a
218,a
219,l
220,n
221,a
222,p
223,a
224,a
225,l
226,l
227,a
228,a
229,p
230,a
231,n
232,p
233,l
234,n
235,l
236,l
237,l
238,l
239,l
240,a
241,a
242,l
243,a
244,p
245,a
246,l
247,l
248,a
249,l
250,n
251,a
252,p
253,n
254,l
255,l
256,l
257,n
258,a
259,l
260,a
261,l
262,p
263,a
264,a
265,l
266,n
267,n
268,a
269,a
270,p
271,l
272,p
273,l
274,a
275,a
276,a
277,a
278,a
279,n
280,l
281,p
282,a
283,n
284,l
285,l
286,a
287,a
288,a
289,l
290,n
291,n
292,l
293,l
294,l
295,a
296,a
297,a
298,n
299,a
300,p
301,n
302,a
303,l
304,a
305,l
306,n
307,l
308,l
309,a
310,n
311,l
312,p
313,l
314,a
315,a
316,p
317,a
318,a
319,l
320,l
321,l
322,a
323,a
324,a
325,l
326,l
327,a
328,p
329,l
330,a
331,p
332,l
333,l
334,a
335,l
336,n
337,a
338,l
339,n
340,l
341,a
342,a
343,a
344,a
345,l
346,n
347,l
348,a
349,n
350,n
351,n
352,a
353,a
354,a
355,l
356,n
357,a
358,p
359,a
360,a
361,n
362,n
363,n
364,a
365,a
366,n
367,a
368,a
369,a
370,n
371,a
372,l
373,a
374,n
375,a
376,l
377,n
378,l
379,l
380,a
381,p
382,n
383,a
384,a
385,n
386,p
387,l
388,n
389,l
390,a
391,a
392,l
393,a
394,n
395,a
396,n
397,l
398,l
399,n
400,p
401,l
402,a
403,p
404,l
405,l
406,l
407,l
408,a
409,a
410,l
411,a
412,n
413,l
414,l
415,p
416,a
417,l
418,p
419,l
420,n
421,l
422,a
423,p
424,l
425,l
426,a
427,a
428,a
429,n
430,n
431,a
432,l
433,l
434,l
435,l
436,a
437,a
438,l
439,l
440,a
441,l
442,l
443,a
444,l
445,l
446,l
447,l
448,l
449,l
450,n
451,l
452,l
453,l
454,l
455,l
456,n
457,a
458,l
459,a
460,a
461,a
462,l
463,a
464,a
465,n
466,a
467,a
468,l
469,l
470,a
471,l
472,a
473,a
474,n
475,l
476,n
477,n
478,a
479,a
480,l
481,a
482,l
483,l
484,n
485,a
486,a
487,l
488,n
489,l
490,a
491,a
492,p
493,p
494,l
495,a
496,a
497,n
498,a
499,a
500,l
501,a
502,a
503,l
504,a
505,a
506,p
507,n
508,n
509,a
510,n
511,n
512,a
513,a
514,n
515,n
516,n
517,l
518,a
519,l
520,a
521,l
522,l
523,a
524,p
525,n
526,l
527,a
528,a
529,n
530,a
531,a
532,a
533,p
534,l
535,p
536,n
537,a
538,n
539,l
540,a
541,a
542,n
543,p
544,a
545,n
546,a
547,l
548,n
549,l
550,a
551,n
552,n
553,l
554,l
555,l
556,a
557,p
558,l
559,l
560,a
561,a
562,a
563,a
564,n
565,a
566,p
567,a
568,n
569,p
570,a
571,a
572,l
573,a
574,l
575,a
576,l
577,n
578,l
579,l
580,p
581,a
582,a
583,l
584,a
585,a
586,a
587,n
588,n
589,n
590,a
591,p
592,n
593,l
594,p
595,a
596,p
597,l
598,l
599,p
600,p
601,n
602,l
603,n
604,l
605,l
606,a
607,n
608,a
609,l
610,n
611,n
612,n
613,n
614,p
615,l
616,l
618,l
619,a
620,n
621,l
622,l
623,l
624,a
625,n
626,l
627,l
628,n
629,a
630,a
631,n
632,a
633,n
634,l
635,a
636,a
637,a
638,l
639,n
640,a
641,l
642,a
643,l
644,a
645,l
646,l
647,a
648,l
649,a
650,l
651,a
652,l
653,a
654,p
655,p
656,l
657,n
658,a
659,l
660,n
661,a
662,l
663,p
664,p
665,l
666,a
667,a
668,l
669,l
670,a
671,a
672,n
673,n
674,l
675,l
676,n
677,n
678,l
679,l
680,a
681,l
682,a
683,a
684,a
685,n
686,a
687,n
688,a
689,l
690,a
691,a
692,l
693,a
694,n
695,p
696,a
697,a
698,p
699,p
700,n
701,p
702,n
703,l
704,l
705,l
706,l
707,l
708,n
709,a
710,a
711,a
712,n
713,l
714,l
715,l
716,a
717,l
718,a
719,a
720,n
721,a
722,a
723,l
724,n
725,a
726,p
727,l
728,n
729,a
730,l
731,l
732,n
733,p
734,p
735,l
736,a
737,a
738,p
739,l
740,n
741,n
742,a
743,a
744,a
745,l
746,l
747,l
748,a
749,p
750,a
751,a
752,l
753,a
754,l
755,a
756,a
757,l
758,n
759,a
760,a
761,l
762,l
763,l
764,n
765,l
766,n
767,l
768,n
769,a
770,a
771,a
772,l
773,a
774,a
775,n
776,a
777,p
778,a
779,l
780,l
781,a
782,n
783,l
784,l
785,a
786,p
787,n
788,l
789,p
790,l
791,l
792,l
793,a
794,a
795,p
796,p
797,l
798,n
799,p
800,l
801,a
802,a
803,p
804,l
805,a
806,l
807,a
808,a
809,l
810,l
811,a
812,a
813,p
814,p
815,p
816,a
817,a
818,a
819,a
820,l
821,l
822,n
823,a
824,l
825,a
826,l
827,l
828,a
829,l
830,l
831,n
832,a
833,l
834,l
835,l
836,p
837,l
838,p
839,a
840,a
841,a
842,p
843,a
844,n
845,a
846,n
847,a
848,l
849,l
850,l
851,l
852,a
853,n
854,n
855,n
856,l
857,l
858,a
859,a
860,p
861,l
862,a
863,a
864,a
865,a
866,l
867,n
868,l
869,n
870,l
871,a
872,l
873,a
874,n
875,a
876,l
877,a
878,l
879,l
880,l
881,a
882,n
883,a
884,l
885,l
886,a
887,a
888,a
889,a
890,l
891,n
892,l
893,a
894,a
895,l
896,l
897,a
898,l
899,l
900,l
901,l
902,n
903,n
904,n
905,l
906,n
907,p
908,n
909,p
910,p
911,l
912,n
913,l
914,n
915,n
916,a
917,l
918,n
919,n
920,n
921,n
922,n
923,l
924,l
925,n
926,n
927,n
928,p
929,n
930,a
931,n
932,n
933,p
934,l
935,n
936,n
937,a
938,n
939,n
940,n
941,a
942,n
943,p
944,n
945,n
946,n
947,n
948,l
949,n
950,p
951,p
952,l
953,n
954,n
955,n
956,l
957,p
958,n
959,l
960,l
961,n
962,n
963,n
964,n
965,n
966,n
967,p
968,n
969,n
970,n
971,n
972,n
973,n
974,n
975,n
976,n
977,l
978,n
979,l
980,n
981,n
982,l
983,n
984,n
985,p
986,n
987,n
988,n
989,n
990,l
991,l
992,n
993,n
994,n
995,n
996,n
997,l
998,a
999,l
1000,p
1001,n
1002,l
1003,n
1004,p
1005,l
1006,n
1007,n
1008,n
1009,n
1010,l
1011,a
1012,n
1013,a
1014,n
1015,n
1016,a
1017,l
1018,n
1019,p
1020,n
1021,n
1022,a
1023,a
1024,a
1025,p
1026,p
1027,n
1028,l
1029,l
1030,n
1031,n
1032,p
1033,n
1034,n
1035,n
1036,n
1037,a
1038,a
1039,n
1040,p
1041,a
1042,a
1043,n
1044,n
1045,n
1046,a
1047,n
1048,p
1049,n
1050,n
1051,n
1052,n
1053,n
1054,l
1055,n
1056,l
1057,l
1058,n
1059,l
1060,n
1061,n
1062,l
1063,n
1064,n
1065,p
1066,l
1067,a
1068,n
1069,n
1070,l
1071,n
1072,p
1073,a
1074,n
1075,l
1076,n
1077,n
1078,p
1079,n
1080,l
1081,n
1082,p
1083,l
1084,n
1085,l
1086,n
1087,l
1088,l
1089,p
1090,l
1091,n
1092,a
1093,n
1094,l
1095,n
1096,p
1097,n
1098,n
1099,n
1100,p
1101,n
1102,n
1103,n
1104,p
1105,n
1106,n
1107,p
1108,n
1109,l
1110,n
1111,n
1112,p
1113,a
1114,n
1115,l
1116,n
1117,n
1118,n
1119,n
1120,n
1121,n
1122,n
1123,n
1124,n
1125,a
1126,n
1127,n
1128,a
1129,n
1130,n
1131,p
1132,n
1133,p
1134,n
1135,a
1136,n
1137,n
1138,l
1139,n
1140,n
1141,n
1142,n
1143,n
1144,n
1145,n
1146,n
1147,n
1148,n
1149,n
1150,n
1151,n
1152,a
1153,p
1154,n
1155,p
1156,a
1157,n
1158,n
1159,n
1160,n
1161,a
1162,n
1163,n
1164,a
1165,n
1166,a
1167,p
1168,n
1169,n
1170,a
1171,n
1172,n
1173,n
1174,n
1175,n
1176,n
1177,l
1178,n
1179,n
1180,a
1181,l
1182,l
1183,n
1184,a
1185,a
1186,n
1187,n
1188,p
1189,l
1190,n
1191,n
1192,l
1193,n
1194,l
1195,a
1196,p
1197,n
1198,a
1199,l
1200,l
1201,l
1202,a
1203,a
1204,n
1205,p
1206,n
1207,n
1208,p
1209,n
1210,n
1211,n
1212,n
1213,a
1214,n
1215,n
1216,p
1217,n
1218,n
1219,n
1220,n
1221,a
1222,n
1223,n
1224,n
1225,n
1226,n
1227,n
1228,n
1229,p
1230,n
1231,n
1232,p
1233,n
1234,n
1235,n
1236,n
1237,n
1238,n
1239,n
1240,n
1241,p
1242,n
1243,p
1244,p
1245,n
1246,n
1247,n
1248,n
1249,n
1250,n
1251,n
1252,n
1253,n
1254,p
1255,p
1256,n
1257,p
1258,n
1259,n
1260,p
1261,p
1262,p
1263,p
1264,n
1265,n
1266,n
1267,n
1268,p
1269,n
1270,n
1271,n
1272,n
1273,p
1274,n
1275,n
1276,p
1277,n
1278,n
1279,n
1280,n
1281,a
1282,n
1283,n
1284,n
1285,n
1286,n
1287,p
1288,n
1289,n
1290,n
1291,n
1292,n
1293,n
1294,p
1295,p
1296,n
1297,n
1298,n
1299,a
1300,n
1301,n
1302,n
1303,n
1304,n
1305,n
1306,n
1307,n
1308,n
1309,n
1310,n
1311,n
1312,n
1313,p
1314,n
1315,l
1316,n
1317,n
1318,n
1319,l
1320,n
1321,n
1322,p
1323,n
1324,p
1325,n
1326,n
1327,l
1328,n
1329,n
1330,n
1331,n
1332,n
1333,p
1334,n
1335,n
1336,n
1337,n
1338,n
1339,a
1340,n
1341,n
1342,n
1343,p
1344,n
1345,n
1346,n
1347,p
1348,n
1349,n
1350,n
1351,n
1352,n
1353,n
1354,n
1355,n
1356,n
1357,n
1358,n
1359,n
1360,n
1361,n
1362,p
1363,n
1364,n
1365,n
1366,n
1367,n
1368,n
1369,n
1370,n
1371,n
1372,n
1373,n
1374,l
1375,p
1376,p
1377,n
1378,n
1379,p
1380,n
1381,p
1382,n
1383,p
1384,n
1385,n
1386,n
1387,n
1388,n
1389,n
1390,n
1391,n
1392,n
1393,n
1394,n
1395,n
1396,n
1397,n
1398,n
1399,n
1400,p
1401,n
1402,a
1403,n
1404,n
1405,n
1406,p
1407,n
1408,n
1409,n
1410,n
1411,n
1412,n
1413,n
1414,n
1415,n
1416,n
1417,l
1418,n
1419,n
1420,n
1421,p
1422,n
1423,n
1424,n
1425,n
1426,n
1427,n
1428,n
1429,l
1430,p
1431,n
1432,n
1433,p
1434,p
1435,p
1436,n
1437,l
1438,p
1439,n
1440,n
1441,n
1442,n
1443,n
1444,n
1445,p
1446,p
1447,n
1448,n
1449,n
1450,n
1451,n
1452,p
1453,n
1454,p
1455,n
1456,n
1457,n
1458,n
1459,n
1460,p
1461,n
1462,n
1463,n
1464,a
1465,n
1466,n
1467,n
1468,a
1469,n
1470,n
1471,n
1472,n
1473,p
1474,n
1475,n
1476,n
1477,n
1478,n
1479,p
1480,n
1481,n
1482,n
1483,n
1484,n
1485,l
1486,p
1487,n
1488,n
1489,n
1490,p
1491,n
1492,p
1493,n
1494,n
1495,n
1496,n
1497,n
1498,n
1499,n
1500,n
1501,n
1502,a
1503,n
1504,n
1505,n
1506,n
1507,p
1508,n
1509,n
1510,n
1511,n
1512,n
1513,n
1514,a
1515,a
1516,n
1517,n
1518,n
1519,a
1520,n
1521,l
1522,n
1523,n
1524,n
1525,n
1526,n
1527,n
1528,n
1529,a
1530,n
1531,p
1532,n
1533,p
1534,n
1535,n
1536,p
1537,n
1538,p
1539,n
1540,n
1541,p
1542,n
1543,n
1544,n
1545,n
1546,n
1547,p
1548,n
1549,a
1550,n
1551,n
1552,l
1553,n
1554,n
1555,n
1556,p
1557,n
1558,a
1559,n
1560,n
1561,n
1562,n
1563,n
1564,n
1565,l
1566,n
1567,p
1568,n
1569,p
1570,n
1571,n
1572,n
1573,n
1574,n
1575,l
1576,n
1577,n
1578,p
1579,n
1580,p
1581,n
1582,n
1583,n
1584,p
1585,n
1586,p
1587,n
1588,n
1589,a
1590,n
1591,n
1592,n
1593,n
1594,n
1595,n
1596,n
1597,n
1598,n
1599,n
1600,l
1601,n
1602,n
1603,n
1604,n
1605,n
1606,n
1607,n
1608,n
1609,n
1610,n
1611,n
1612,n
1613,n
1614,p
1615,p
1616,n
1617,n
1618,n
1619,n
1620,n
1621,n
1622,n
1623,n
1624,n
1625,n
1626,p
1627,n
1628,n
1629,p
1630,p
1631,p
1632,n
1633,n
1634,n
1635,n
1636,n
1637,p
1638,p
1639,n
1640,n
1641,n
1642,n
1643,n
1644,n
1645,n
1646,n
1647,l
1648,n
1649,n
1650,n
1651,n
1652,n
1653,n
1654,n
1655,n
1656,n
1657,n
1658,n
1659,n
1660,n
1661,n
1662,n
1663,a
1664,l
1665,n
1666,p
1667,n
1668,p
1669,n
1670,p
1671,l
1672,l
1673,l
1674,n
1675,n
1676,n
1677,n
1678,n
1679,n
1680,n
1681,l
1682,n
1683,l
1684,p
1685,n
1686,n
1687,n
1688,n
1689,n
1690,n
1691,a
1692,n
1693,n
1694,n
1695,n
1696,n
1697,n
1698,n
1699,n
1700,n
1701,n
1702,n
1703,n
1704,p
1705,n
1706,n
1707,n
1708,p
1709,n
1710,n
1711,n
1712,n
1713,n
1714,n
1715,n
1716,n
1717,l
1718,l
1719,n
1720,n
1721,n
1722,n
1723,n
1724,n
1725,a
1726,p
1727,n
1728,n
1729,a
1730,n
1731,n
1732,p
1733,n
1734,n
1735,p
1736,n
1737,n
1738,n
1739,n
1740,p
1741,n
1742,n
1743,n
1744,n
1745,l
1746,p
1747,n
1748,n
1749,p
1750,n
1751,n
1752,a
1753,n
1754,n
1755,p
1756,n
1757,n
1758,n
1759,n
1760,n
1761,n
1762,n
1763,n
1764,n
1765,n
1766,p
1767,n
1768,n
1769,n
1770,a
1771,n
1772,n
1773,n
1774,a
1775,n
1776,n
1777,n
1778,p
1779,p
1780,n
1781,n
1782,n
1783,n
1784,p
1785,a
1786,n
1787,p
1788,n
1789,n
1790,n
1791,p
1792,n
1793,n
1794,n
1795,n
1796,p
1797,n
1798,n
1799,p
1800,n
1801,n
1802,n
1803,n
1804,n
1805,n
1806,n
1807,n
1808,n
1809,n
1810,n
1811,p
1812,n
1813,p
1814,a
1815,n
1816,a
1817,f
1818,n
1819,n
1820,n
1821,n
1822,n
1823,p
1824,n
1825,l
1826,n
1827,n
1828,n
1829,n
1830,n
1831,n
1832,n
1833,n
1834,n
1835,n
1836,n
1837,n
1838,n
1839,n
1840,n
1841,n
1842,n
1843,n
1844,p
1845,n
1846,n
1847,n
1848,n
1849,n
1850,n
1851,n
1852,n
1853,n
1854,n
1855,n
1856,n
1857,a
1858,n
1859,p
1860,n
1861,n
1862,n
1863,n
1864,n
1865,n
1866,n
1867,n
1868,n
1869,n
1870,n
1871,n
1872,n
1873,n
1874,n
1875,n
1876,n
1877,n
1878,n
1879,n
1880,n
1881,n
1882,n
1883,n
1884,n
1885,n
1886,l
1887,n
1888,p
1889,n
1890,n
1891,n
1892,n
1893,n
1894,n
1895,n
1896,n
1897,n
1898,n
1899,n
1900,n
1901,n
1902,n
1903,n
1904,n
1905,n
1906,n
1907,n
1908,n
1909,n
1910,n
1911,n
1912,n
1913,n
1914,n
1915,n
1916,l
1917,p
1918,n
1919,n
1920,n
1921,n
1922,n
1923,n
1924,n
1925,n
1926,n
1927,n
1928,n
1929,n
1930,n
1931,p
1932,a
1933,n
1934,n
1935,n
1936,n
1937,l
1938,n
1939,n
1940,n
1941,n
1942,n
1943,n
1944,n
1945,n
1946,p
1947,n
1948,n
1949,n
1950,n
1951,n
1952,n
1953,n
1954,n
1955,n
1956,p
1957,n
1958,n
1959,n
1960,p
1961,n
1962,n
1963,n
1964,n
1965,n
1966,n
1967,n
1968,n
1969,n
1970,n
1971,n
1972,n
1973,p
1974,n
1975,n
1976,p
1977,n
1978,n
1979,n
1980,n
1981,n
1982,n
1983,l
1984,n
1985,n
1986,n
1987,n
1988,p
1989,n
1990,p
1991,p
1992,n
1993,n
1994,n
1995,n
1996,n
1997,n
1998,n
1999,n
2000,n
2001,n
2002,n
2003,n
2004,n
2005,p
2006,l
2007,p
2008,n
2009,n
2010,p
2011,n
2012,n
2013,n
2014,n
2015,n
2016,n
2017,n
2018,a
2019,a
2020,n
2021,n
2022,n
2023,n
2024,n
2025,n
2026,n
2027,n
2028,n
2029,n
2030,l
2031,n
2032,n
2033,n
2034,n
2035,n
2036,n
2037,n
2038,n
2039,n
2040,n
2041,n
2042,n
2043,n
2044,n
2045,n
2046,a
2047,n
2048,n
2049,n
2050,n
2051,n
2052,a
2053,n
2054,n
2055,n
2056,n
2057,n
2058,n
2059,n
2060,a
2061,n
2062,p
2063,n
2064,n
2065,n
2066,n
2067,n
2068,p
2069,n
2070,n
2071,n
2072,n
2073,n
2074,n
2075,p
2076,l
2077,n
2078,n
2079,n
2080,n
2081,n
2082,n
2083,n
2084,n
2085,n
2086,n
2087,n
2088,n
2089,n
2090,p
2091,n
2092,n
2093,a
2094,n
2095,n
2096,n
2097,n
2098,n
2099,p
2100,n
2101,n
2102,n
2103,n
2104,n
2105,n
2106,n
2107,n
2108,n
2109,n
2110,n
2111,n
2112,n
2113,p
2114,n
2115,n
2116,n
2117,n
2118,n
2119,n
2120,n
2121,n
2122,n
2123,n
2124,n
2125,n
2126,n
2127,n
2128,n
2129,f
2130,p
2131,n
2132,n
2133,n
2134,n
2135,n
2136,n
2137,n
2138,n
2139,n
2140,n
2141,n
2142,n
2143,n
2144,n
2145,n
2146,n
2147,n
2148,p
2149,n
2150,p
2151,n
2152,n
2153,n
2154,n
2155,n
2156,n
2157,n
2158,n
2159,n
2160,n
2161,n
2162,n
2163,n
2164,n
2165,n
2166,n
2167,n
2168,n
2169,n
2170,n
2171,n
2172,n
2173,n
2174,n
2175,n
2176,n
2177,n
2178,n
2179,f
2180,n
2181,n
2182,n
2183,n
2184,n
2185,n
2186,n
2187,n
2188,n
2189,n
2190,n
2191,n
2192,n
2193,n
2194,n
2195,n
2196,n
2197,n
2198,n
2199,n
2200,n
2201,n
2202,n
2203,n
2204,n
2205,n
2206,n
2207,n
2208,n
2209,n
2210,n
2211,c
2212,n
2213,n
2214,n
2215,n
2216,n
2217,n
2218,n
2219,n
2220,n
2221,n
2222,n
2223,n
2224,n
2225,n
2226,n
2227,n
2228,n
2229,n
2230,n
2231,n
2232,n
2233,n
2234,n
2235,n
2236,n
2237,n
2238,n
2239,f
2240,n
2241,n
2242,p
2243,n
2244,n
2245,n
2246,n
2247,n
2248,n
2249,n
2250,n
2251,n
2252,n
2253,n
2254,n
2255,n
2256,n
2257,n
2258,n
2259,n
2260,n
2261,n
2262,n
2263,n
2264,n
2265,n
2266,n
2267,n
2268,n
2269,n
2270,n
2271,n
2272,n
2273,n
2274,n
2275,n
2276,n
2277,n
2278,n
2279,n
2280,n
2281,n
2282,n
2283,n
2284,n
2285,n
2286,c
2287,n
2288,n
2289,p
2290,n
2291,n
2292,n
2293,n
2294,n
2295,n
2296,n
2297,n
2298,n
2299,n
2300,n
2301,n
2302,n
2303,n
2304,n
2305,n
2306,n
2307,n
2308,n
2309,n
2310,n
2311,n
2312,n
2313,n
2314,n
2315,n
2316,n
2317,n
2318,n
2319,n
2320,n
2321,n
2322,n
2323,n
2324,n
2325,n
2326,n
2327,n
2328,n
2329,n
2330,n
2331,n
2332,n
2333,n
2334,n
2335,n
2336,n
2337,n
2338,n
2339,n
2340,n
2341,n
2342,n
2343,n
2344,n
2345,n
2346,n
2347,n
2348,n
2349,n
2350,n
2351,n
2352,p
2353,n
2354,n
2355,n
2356,n
2357,n
2358,n
2359,n
2360,n
2361,n
2362,n
2363,n
2364,n
2365,n
2366,n
2367,n
2368,n
2369,n
2370,n
2371,n
2372,n
2373,n
2374,n
2375,n
2376,p
2377,n
2378,n
2379,n
2380,n
2381,n
2382,n
2383,n
2384,n
2385,n
2386,f
2388,n
2389,p
2390,n
2391,n
2392,n
2393,n
2394,n
2395,n
2396,n
2397,n
2398,n
2399,n
2400,n
2401,p
2402,n
2403,n
2404,n
2405,n
2406,n
2407,n
2408,n
2409,n
2410,n
2411,n
2412,n
2413,n
2414,n
2415,n
2416,n
2417,n
2418,n
2419,n
2420,n
2421,n
2422,n
2423,n
2424,n
2425,n
2426,n
2427,c
2428,n
2429,n
2430,n
2431,n
2432,n
2433,n
2434,n
2435,n
2436,n
2437,n
2438,n
2439,n
2440,n
2441,n
2442,n
2443,n
2444,f
2445,n
2446,n
2447,n
2448,n
2449,n
2450,n
2451,n
2452,n
2453,n
2454,n
2455,n
2456,n
2457,n
2458,n
2459,n
2460,n
2461,n
2462,n
2463,n
2464,n
2465,n
2466,n
2467,n
2468,n
2469,n
2470,n
2471,n
2472,n
2473,n
2474,n
2475,n
2476,n
2477,n
2478,n
2479,p
2480,n
2481,n
2482,n
2483,c
2484,n
2485,n
2486,n
2487,n
2488,n
2489,n
2490,n
2491,n
2492,n
2493,n
2494,n
2495,n
2496,p
2497,n
2498,n
2499,n
2500,n
2501,n
2502,n
2503,n
2504,n
2505,n
2506,n
2507,n
2508,n
2509,n
2510,n
2511,n
2512,n
2513,c
2514,n
2515,n
2516,n
2517,n
2518,n
2519,n
2520,n
2521,n
2522,n
2523,n
2524,n
2525,n
2526,n
2527,n
2528,n
2529,n
2530,n
2531,n
2532,n
2533,n
2534,f
2535,n
2536,n
2537,f
2538,n
2539,n
2540,f
2541,c
2542,n
2543,n
2544,n
2545,n
2546,n
2547,n
2548,n
2549,n
2550,n
2551,n
2552,n
2553,n
2554,n
2555,n
2556,n
2557,n
2558,n
2559,n
2560,n
2561,c
2562,n
2563,n
2564,n
2565,n
2566,n
2567,f
2568,n
2569,n
2570,n
2571,n
2572,f
2573,n
2574,n
2575,n
2576,n
2577,n
2578,n
2579,n
2580,n
2581,n
2582,n
2583,n
2584,n
2585,n
2586,n
2587,n
2588,n
2589,n
2590,n
2591,n
2592,n
2593,n
2594,n
2595,f
2596,n
2597,n
2598,n
2599,n
2600,n
2601,n
2602,n
2603,n
2604,n
2605,n
2606,f
2607,n
2608,n
2609,n
2610,n
2611,n
2612,n
2613,n
2614,n
2615,n
2616,n
2617,n
2618,n
2619,n
2620,n
2621,n
2622,n
2623,n
2624,n
2625,n
2626,n
2627,n
2628,c
2629,n
2630,n
2631,n
2632,n
2633,n
2634,n
2635,n
2636,n
2637,n
2638,n
2639,n
2640,n
2641,n
2642,n
2643,n
2644,n
2645,n
2646,n
2647,n
2648,n
2649,n
2650,n
2651,n
2652,n
2653,n
2654,n
2655,n
2656,n
2657,n
2658,n
2659,n
2660,n
2661,n
2662,n
2663,n
2664,n
2665,n
2666,n
2667,n
2668,n
2669,n
2670,n
2671,n
2672,n
2673,n
2674,n
2675,n
2676,n
2677,n
2678,n
2679,n
2680,n
2681,n
2682,n
2683,n
2684,c
2685,n
2686,n
2687,n
2688,n
2689,n
2690,n
2691,n
2692,n
2693,n
2694,n
2695,n
2696,n
2697,n
2698,f
2699,n
2700,n
2701,n
2702,n
2703,n
2704,n
2705,n
2706,n
2707,n
2708,n
2709,n
2710,n
2711,n
2712,n
2713,n
2714,n
2715,n
2716,n
2717,n
2718,n
2719,n
2720,n
2721,n
2722,n
2723,n
2724,n
2725,n
2726,n
2727,n
2728,n
2729,n
2730,n
2731,n
2732,n
2733,n
2734,n
2735,n
2736,n
2737,n
2738,n
2739,n
2740,n
2741,n
2742,n
2743,n
2744,n
2745,n
2746,n
2747,n
2748,n
2749,n
2750,c
2751,n
2752,n
2753,n
2754,n
2755,n
2756,n
2757,n
2758,n
2759,n
2760,n
2761,n
2762,n
2763,n
2764,n
2765,n
2766,n
2767,f
2768,n
2769,n
2770,n
2771,f
2772,n
2773,n
2774,n
2775,n
2776,n
2777,n
2778,n
2779,n
2780,n
2781,n
2782,n
2783,n
2784,n
2785,n
2786,n
2787,n
2788,n
2789,n
2790,n
2791,n
2792,n
2793,n
2794,n
2795,n
2796,n
2797,n
2798,c
2799,n
2800,n
2801,n
2802,n
2803,n
2804,n
2805,n
2806,n
2807,n
2808,n
2809,n
2810,n
2811,n
2812,n
2813,n
2814,n
2815,n
2816,n
2817,n
2818,n
2819,n
2820,n
2821,n
2822,n
2823,n
2824,n
2825,n
2826,n
2827,n
2828,n
2829,n
2830,n
2831,n
2832,n
2833,n
2834,n
2835,n
2836,n
2837,n
2838,n
2839,n
2840,n
2841,n
2842,c
2843,n
2844,n
2845,n
2846,n
2847,n
2848,n
2849,n
2850,n
2851,n
2852,n
2853,n
2854,n
2855,n
2856,n
2857,n
2858,n
2859,n
2860,n
2861,c
2862,n
2863,n
2864,n
2865,n
2866,n
2867,n
2868,n
2869,n
2870,n
2871,n
2872,n
2873,n
2874,n
2875,n
2876,n
2877,n
2878,n
2879,n
2880,n
2881,n
2882,n
2883,n
2884,n
2885,n
2886,n
2887,n
2888,c
2889,n
2890,n
2891,n
2892,n
2893,c
2894,n
2895,n
2896,n
2897,n
2898,n
2899,n
2900,n
2901,n
2902,n
2903,n
2904,f
2905,n
2906,n
2907,n
2908,n
2909,n
2910,n
2911,n
2912,n
2913,n
2914,n
2915,n
2916,n
2917,n
2918,n
2919,n
2920,n
2921,n
2922,n
2923,n
2924,n
2925,n
2926,n
2927,f
2928,n
2929,n
2930,n
2931,n
2932,n
2933,n
2934,n
2935,n
2936,n
2937,n
2938,f
2939,n
2940,n
2941,n
2942,n
2943,n
2944,n
2945,n
2946,n
2947,n
2948,n
2949,n
2950,n
2951,n
2952,n
2953,n
2954,n
2955,n
2956,n
2957,n
2958,n
2959,n
2960,n
2961,n
2962,n
2963,n
2964,n
2965,n
2966,n
2967,n
2968,n
2969,n
2970,n
2971,n
2972,n
2973,n
2974,n
2975,n
2976,n
2977,n
2978,n
2979,n
2980,n
2981,n
2982,n
2983,n
2984,n
2985,n
2986,n
2987,n
2988,n
2989,n
2990,n
2991,f
2992,n
2993,n
2994,n
2995,n
2996,n
2997,n
2998,n
2999,n
3000,n
3001,n
3002,f
3003,n
3004,f
3005,c
3006,n
3007,n
3008,n
3009,n
3010,f
3011,n
3012,n
3013,n
3014,c
3015,n
3016,n
3017,f
3018,f
3019,n
3020,n
3021,n
3022,n
3023,n
3024,n
3025,n
3026,n
3027,c
3028,f
3029,n
3030,n
3031,n
3032,n
3033,n
3034,n
3035,f
3036,n
3037,n
3038,c
3039,n
3040,n
3041,f
3042,f
3043,n
3044,n
3045,n
3046,n
3047,n
3048,c
3049,n
3050,n
3051,n
3052,n
3053,c
3054,n
3055,n
3056,n
3057,n
3058,c
3059,c
3060,n
3061,f
3062,c
3063,f
3064,n
3065,f
3066,n
3067,n
3068,n
3069,c
3070,f
3071,n
3072,n
3073,n
3074,f
3075,n
3076,f
3077,n
3078,n
3079,f
3080,n
3081,n
3082,n
3083,f
3084,n
3085,n
3086,f
3087,n
3088,f
3089,n
3090,f
3091,f
3092,f
3093,n
3094,f
3095,n
3096,c
3097,n
3098,c
3099,n
3100,n
3101,n
3102,n
3103,f
3104,f
3105,c
3106,n
3107,n
3108,n
3109,n
3110,f
3111,c
3112,n
3113,n
3114,n
3115,n
3116,n
3117,n
3118,n
3119,c
3120,c
3121,n
3122,n
3123,f
3124,n
3125,c
3126,n
3127,n
3128,n
3129,n
3130,n
3131,n
3132,n
3133,n
3134,n
3135,n
3136,n
3137,n
3138,n
3139,f
3140,n
3141,n
3142,f
3143,n
3144,n
3145,n
3146,n
3147,n
3148,c
3149,c
3150,n
3151,n
3152,n
3153,f
3154,n
3155,n
3156,n
3157,c
3158,n
3159,n
3160,f
3161,n
3162,f
3163,c
3164,n
3165,f
3166,c
3167,f
3168,n
3169,f
3170,c
3171,n
3172,n
3173,n
3174,f
3175,c
3176,n
3177,n
3178,n
3179,n
3180,f
3181,n
3182,c
3183,c
3184,n
3185,n
3186,n
3187,n
3188,f
3189,f
3190,n
3191,f
3192,c
3193,n
3194,f
3195,n
3196,n
3197,n
3198,n
3199,n
3200,f
3201,n
3202,f
3203,n
3204,n
3205,n
3206,f
3207,n
3208,n
3209,f
3210,c
3211,n
3212,f
3213,n
3214,n
3215,n
3216,n
3217,n
3218,n
3219,c
3220,n
3221,n
3222,n
3223,n
3224,n
3225,n
3226,n
3227,f
3228,c
3229,n
3230,n
3231,n
3232,f
3233,c
3234,f
3235,n
3236,f
3237,n
3238,n
3239,n
3240,f
3241,n
3242,n
3243,c
3244,f
3245,n
3246,f
3247,f
3248,n
3249,f
3250,n
3251,n
3252,n
3253,n
3254,c
3255,n
3256,n
3257,n
3258,n
3259,c
3260,f
3261,n
3262,n
3263,c
3264,n
3265,f
3266,f
3267,n
3268,n
3269,c
3270,f
3271,c
3272,n
3273,n
3274,n
3275,f
3276,n
3277,c
3278,f
3279,n
3280,n
3281,f
3282,f
3283,c
3284,n
3285,f
3286,n
3287,n
3288,n
3289,n
3290,n
3291,n
3292,n
3293,c
3294,n
3295,n
3296,c
3297,n
3298,n
3299,f
3300,n
3301,f
3302,n
3303,n
3304,n
3305,f
3306,n
3307,c
3308,n
3309,n
3310,n
3311,n
3312,n
3313,n
3314,f
3315,n
3316,n
3317,n
3318,n
3319,n
3320,n
3321,n
3322,n
3323,c
3324,f
3325,n
3326,n
3327,c
3328,c
3329,f
3330,n
3331,n
3332,c
3333,n
3334,n
3335,f
3336,n
3337,n
3338,c
3339,n
3340,f
3341,n
3342,f
3343,n
3344,n
3345,n
3346,n
3347,c
3348,n
3349,n
3350,f
3351,n
3352,c
3353,f
3354,n
3355,n
3356,n
3357,n
3358,c
3359,f
3360,c
3361,n
3362,n
3363,f
3364,f
3365,n
3366,c
3367,c
3368,n
3369,n
3370,n
3371,n
3372,c
3373,f
3374,n
3375,n
3376,n
3377,n
3378,n
3379,n
3380,f
3381,n
3382,c
3383,n
3384,n
3385,n
3386,n
3387,n
3388,n
3389,c
3390,f
3391,c
3392,n
3393,n
3394,c
3395,n
3396,c
3397,n
3398,c
3399,n
3400,f
3401,c
3402,n
3403,f
3404,c
3405,n
3406,c
3407,n
3408,n
3409,n
3410,n
3411,n
3412,c
3413,n
3414,n
3415,n
3416,n
3417,n
3418,f
3419,c
3420,n
3421,n
3422,c
3423,n
3424,n
3425,n
3426,f
3427,c
3428,n
3429,n
3430,n
3431,n
3432,n
3433,f
3434,n
3435,n
3436,c
3437,n
3438,f
3439,n
3440,f
3441,n
3442,c
3443,n
3444,c
3445,c
3446,n
3447,c
3448,f
3449,n
3450,n
3451,n
3452,f
3453,c
3454,f
3455,c
3456,n
3457,n
3458,c
3459,n
3460,n
3461,n
3462,n
3463,n
3464,c
3465,n
3466,f
3467,n
3468,n
3469,c
3470,c
3471,n
3472,n
3473,n
3474,f
3475,n
3476,n
3477,n
3478,c
3479,n
3480,f
3481,n
3482,n
3483,n
3484,c
3485,c
3486,n
3487,n
3488,n
3489,f
3490,n
3491,f
3492,n
3493,f
3494,n
3495,n
3496,n
3497,f
3498,n
3499,n
3500,n
3501,c
3502,n
3503,n
3504,n
3505,n
3506,n
3507,f
3508,n
3509,f
3510,n
3511,n
3512,f
3513,n
3514,f
3515,n
3516,c
3517,n
3518,n
3519,n
3520,n
3521,n
3522,c
3523,f
3524,n
3525,n
3526,c
3527,n
3528,n
3529,n
3530,n
3531,n
3532,c
3533,n
3534,f
3535,n
3536,n
3537,c
3538,n
3539,n
3540,f
3541,n
3542,n
3543,n
3544,c
3545,f
3546,n
3547,n
3548,c
3549,n
3550,n
3551,n
3552,n
3553,n
3554,n
3555,c
3556,n
3557,f
3558,c
3559,n
3560,f
3561,c
3562,n
3563,n
3564,n
3565,n
3566,f
3567,n
3568,f
3569,n
3570,n
3571,f
3572,n
3573,f
3574,n
3575,n
3576,n
3577,n
3578,n
3579,n
3580,n
3581,n
3582,f
3583,n
3584,c
3585,n
3586,n
3587,n
3588,n
3589,n
3590,n
3591,c
3592,n
3593,n
3594,n
3595,f
3596,n
3597,n
3598,f
3599,n
3600,f
3601,n
3602,n
3603,n
3604,n
3605,f
3606,c
3607,f
3608,f
3609,f
3610,n
3611,f
3612,n
3613,n
3614,n
3615,f
3616,n
3617,c
3618,n
3619,n
3620,n
3621,n
3622,f
3623,f
3624,n
3625,n
3626,f
3627,n
3628,c
3629,n
3630,n
3631,f
3632,n
3633,c
3634,f
3635,n
3636,f
3637,n
3638,n
3639,n
3640,n
3641,n
3642,n
3643,n
3644,n
3645,f
3646,n
3647,n
3648,f
3649,f
3650,f
3651,n
3652,n
3653,f
3654,f
3655,f
3656,n
3657,c
3658,n
3659,f
3660,n
3661,n
3662,f
3663,n
3664,c
3665,n
3666,n
3667,n
3668,f
3669,n
3670,n
3671,c
3672,n
3673,n
3674,n
3675,n
3676,f
3677,n
3678,n
3679,n
3680,c
3681,n
3682,n
3683,n
3684,c
3685,f
3686,n
3687,f
3688,c
3689,n
3690,n
3691,n
3692,n
3693,c
3694,n
3695,f
3696,n
3697,n
3698,c
3699,n
3700,c
3701,n
3702,f
3703,n
3704,c
3705,f
3706,n
3707,n
3708,c
3709,f
3710,n
3711,f
3712,n
3713,n
3714,f
3715,n
3716,n
3717,n
3718,n
3719,f
3720,n
3721,n
3722,n
3723,n
3724,n
3725,f
3726,c
3727,f
3728,n
3729,n
3730,n
3731,n
3732,n
3733,n
3734,n
3735,f
3736,n
3737,n
3738,f
3739,c
3740,c
3741,n
3742,f
3743,c
3744,n
3745,n
3746,n
3747,f
3748,n
3749,n
3750,n
3751,f
3752,c
3753,n
3754,c
3755,c
3756,f
3757,n
3758,n
3759,f
3760,n
3761,n
3762,n
3763,n
3764,n
3765,n
3766,n
3767,n
3768,n
3769,n
3770,n
3771,n
3772,n
3773,n
3774,n
3775,n
3776,f
3777,n
3778,n
3779,n
3780,n
3781,n
3782,f
3783,n
3784,f
3785,n
3786,n
3787,n
3788,f
3789,n
3790,n
3791,f
3792,n
3793,c
3794,n
3795,c
3796,n
3797,c
3798,n
3799,n
3800,n
3801,n
3802,c
3803,n
3804,n
3805,c
3806,n
3807,c
3808,n
3809,f
3810,n
3811,f
3812,n
3813,n
3814,n
3815,c
3816,f
3817,n
3818,n
3819,n
3820,n
3821,n
3822,n
3823,f
3824,n
3825,n
3826,n
3827,c
3828,n
3829,n
3830,f
3831,n
3832,c
3833,n
3834,c
3835,f
3836,f
3837,n
3838,n
3839,n
3840,n
3841,f
3842,n
3843,n
3844,f
3845,n
3846,c
3847,n
3848,n
3849,n
3850,n
3851,n
3852,n
3853,c
3854,n
3855,f
3856,n
3857,n
3858,n
3859,c
3860,c
3861,n
3862,n
3863,n
3864,n
3865,f
3866,c
3867,n
3868,n
3869,c
3870,c
3871,n
3872,f
3873,c
3874,f
3875,c
3876,n
3877,c
3878,n
3879,c
3880,c
3881,n
3882,c
3883,c
3884,n
3885,n
3886,c
3887,n
3888,c
3889,n
3890,f
3891,f
3892,n
3893,f
3894,n
3895,f
3896,f
3897,n
3898,n
3899,c
3900,n
3901,f
3902,f
3903,f
3904,f
3905,c
3906,f
3907,f
3908,f
3909,f
3910,f
3911,n
3912,f
3913,f
3914,f
3915,n
3916,n
3917,n
3918,f
3919,f
3920,f
3921,n
3922,f
3923,n
3924,n
3925,n
3926,f
3927,f
3928,f
3929,n
3930,f
3931,f
3932,f
3933,f
3934,f
3935,f
3936,c
3937,f
3938,n
3939,n
3940,c
3941,f
3942,f
3943,n
3944,n
3945,f
3946,n
3947,f
3948,f
3949,n
3950,f
3951,f
3952,f
3953,f
3954,c
3955,c
3956,f
3957,f
3958,f
3959,n
3960,f
3961,f
3962,n
3963,f
3964,f
3965,f
3966,f
3967,f
3968,f
3969,f
3970,c
3971,f
3972,f
3973,n
3974,n
3975,f
3976,c
3977,f
3978,f
3979,c
3980,n
3981,f
3982,c
3983,f
3984,f
3985,n
3986,f
3987,f
3988,f
3989,f
3990,n
3991,f
3992,f
3993,f
3994,c
3995,c
3996,f
3997,f
3998,f
3999,n
4000,f
4001,n
4002,f
4003,n
4004,n
4005,f
4006,f
4007,n
4008,f
4009,n
4010,n
4011,n
4012,f
4013,n
4014,f
4015,f
4016,f
4017,f
4018,f
4019,n
4020,n
4021,f
4022,f
4023,f
4024,y
4025,f
4026,f
4027,c
4028,f
4029,f
4030,f
4031,f
4032,c
4033,f
4034,n
4035,f
4036,f
4037,f
4038,f
4039,f
4040,n
4041,f
4042,n
4043,f
4044,f
4045,f
4046,c
4047,f
4048,n
4049,c
4050,f
4051,f
4052,c
4053,f
4054,f
4055,n
4056,f
4057,f
4058,c
4059,c
4060,n
4061,f
4062,n
4063,n
4064,f
4065,f
4066,f
4067,f
4068,f
4069,n
4070,f
4071,f
4072,f
4073,f
4074,n
4075,n
4076,f
4077,n
4078,n
4079,f
4080,f
4081,f
4082,f
4083,f
4084,f
4085,f
4086,f
4087,f
4088,n
4089,f
4090,n
4091,f
4092,f
4093,n
4094,n
4095,f
4096,n
4097,n
4098,f
4099,c
4100,f
4101,y
4102,f
4103,f
4104,n
4105,f
4106,n
4107,n
4108,n
4109,f
4110,n
4111,f
4112,f
4113,f
4114,n
4115,f
4116,f
4117,f
4118,f
4119,f
4120,f
4121,f
4122,n
4123,f
4124,f
4125,n
4126,f
4127,f
4128,n
4129,f
4130,n
4131,f
4132,f
4133,f
4134,c
4135,n
4136,f
4137,f
4138,f
4139,n
4140,f
4141,f
4142,n
4143,n
4144,f
4145,f
4146,f
4147,f
4148,f
4149,f
4150,f
4151,n
4152,f
4153,f
4154,f
4155,n
4156,n
4157,n
4158,f
4159,f
4160,n
4161,f
4162,n
4163,f
4164,f
4165,f
4166,n
4167,f
4168,f
4169,f
4170,f
4171,f
4172,f
4173,f
4174,f
4175,f
4176,f
4177,n
4178,f
4179,f
4180,n
4181,f
4182,f
4183,f
4184,n
4185,f
4186,f
4187,n
4188,n
4189,f
4190,f
4191,f
4192,f
4193,f
4194,f
4195,f
4196,n
4197,y
4198,n
4199,c
4200,c
4201,y
4202,f
4203,f
4204,f
4205,f
4206,f
4207,f
4208,f
4209,f
4210,f
4211,f
4212,f
4213,f
4214,f
4215,f
4216,f
4217,f
4218,f
4219,f
4220,f
4221,f
4222,f
4223,f
4224,f
4225,n
4226,f
4227,f
4228,f
4229,f
4230,f
4231,f
4232,f
4233,f
4234,f
4235,f
4236,f
4237,f
4238,f
4239,f
4240,f
4241,f
4242,f
4243,f
4244,f
4245,f
4246,f
4247,f
4248,f
4249,f
4250,f
4251,f
4252,f
4253,f
4254,n
4255,f
4256,f
4257,f
4258,f
4259,f
4260,f
4261,f
4262,f
4263,c
4264,f
4265,f
4266,f
4267,f
4268,f
4269,f
4270,f
4271,f
4272,f
4273,f
4274,f
4275,f
4276,f
4277,n
4278,f
4279,f
4280,f
4281,f
4282,f
4283,f
4284,n
4285,f
4286,f
4287,f
4288,f
4289,f
4290,f
4291,f
4292,n
4293,f
4294,f
4295,f
4296,f
4297,f
4298,f
4299,f
4300,f
4301,f
4302,f
4303,f
4304,f
4305,f
4306,n
4307,f
4308,f
4309,f
4310,f
4311,f
4312,f
4313,f
4314,f
4315,f
4316,f
4317,f
4318,f
4319,f
4320,f
4321,f
4322,f
4323,f
4324,f
4325,f
4326,f
4327,n
4328,f
4329,f
4330,s
4331,f
4332,n
4333,f
4334,f
4335,f
4336,f
4337,f
4338,f
4339,f
4340,f
4341,f
4342,n
4343,f
4344,f
4345,f
4346,f
4347,f
4348,f
4349,f
4350,f
4351,f
4352,f
4353,f
4354,f
4355,f
4356,f
4357,f
4358,n
4359,f
4360,f
4361,f
4362,f
4363,f
4364,f
4365,n
4366,f
4367,f
4368,f
4369,f
4370,f
4371,f
4372,f
4373,f
4374,f
4375,f
4376,n
4377,y
4378,f
4379,f
4380,n
4381,n
4382,f
4383,f
4384,f
4385,f
4386,f
4387,f
4388,f
4389,f
4390,f
4391,f
4392,f
4393,f
4394,f
4395,f
4396,f
4397,n
4398,f
4399,f
4400,f
4401,f
4402,f
4403,f
4404,f
4405,f
4406,f
4407,f
4408,f
4409,f
4410,f
4411,n
4412,f
4413,f
4414,f
4415,f
4416,f
4417,f
4418,n
4419,f
4420,n
4421,f
4422,f
4423,f
4424,f
4425,n
4426,f
4427,f
4428,f
4429,f
4430,y
4431,f
4432,f
4433,f
4434,f
4435,f
4436,f
4437,f
4438,f
4439,c
4440,f
4441,f
4442,f
4443,f
4444,f
4445,n
4446,f
4447,f
4448,f
4449,f
4450,f
4451,f
4452,n
4453,f
4454,f
4455,f
4456,f
4457,f
4458,f
4459,f
4460,n
4461,f
4462,s
4463,f
4464,f
4465,f
4466,f
4467,f
4468,f
4469,f
4470,f
4471,f
4472,f
4473,f
4474,f
4475,f
4476,f
4477,f
4478,f
4479,f
4480,f
4481,n
4482,f
4483,f
4484,f
4485,f
4486,f
4487,f
4488,f
4489,f
4490,f
4491,f
4492,n
4493,f
4494,f
4495,n
4496,f
4497,f
4498,n
4499,y
4500,c
4501,f
4502,f
4503,f
4504,f
4505,f
4506,f
4507,f
4508,f
4509,f
4510,f
4511,f
4512,f
4513,f
4514,f
4515,f
4516,f
4517,f
4518,f
4519,f
4520,n
4521,f
4522,f
4523,s
4524,f
4525,f
4526,f
4527,f
4528,f
4529,f
4530,f
4531,f
4532,f
4533,f
4534,n
4535,n
4536,f
4537,f
4538,f
4539,f
4540,f
4541,f
4542,f
4543,f
4544,f
4545,f
4546,f
4547,f
4548,f
4549,f
4550,n
4551,f
4552,f
4553,f
4554,f
4555,f
4556,f
4557,n
4558,n
4559,f
4560,f
4561,f
4562,f
4563,f
4564,f
4565,f
4566,f
4567,f
4568,f
4569,f
4570,f
4571,n
4572,f
4573,f
4574,f
4575,f
4576,f
4577,f
4578,f
4579,f
4580,f
4581,f
4582,f
4583,f
4584,c
4585,f
4586,f
4587,f
4588,f
4589,f
4590,f
4591,f
4592,f
4593,f
4594,f
4595,f
4596,f
4597,f
4598,f
4599,f
4600,f
4601,f
4602,f
4603,f
4604,f
4605,f
4606,f
4607,f
4608,f
4609,f
4610,f
4611,y
4612,n
4613,f
4614,f
4615,f
4616,f
4617,f
4618,f
4619,f
4620,f
4621,f
4622,f
4623,f
4624,f
4625,f
4626,f
4627,f
4628,f
4629,c
4630,f
4631,n
4632,f
4633,f
4634,f
4635,n
4636,f
4637,f
4638,f
4639,f
4640,f
4641,f
4642,f
4643,f
4644,f
4645,f
4646,f
4647,f
4648,n
4649,f
4650,f
4651,f
4652,f
4653,n
4654,f
4655,f
4656,f
4657,f
4658,f
4659,f
4660,f
4661,f
4662,f
4663,n
4664,n
4665,f
4666,f
4667,f
4668,f
4669,f
4670,f
4671,f
4672,f
4673,f
4674,n
4675,f
4676,f
4677,f
4678,f
4679,f
4680,f
4681,f
4682,f
4683,f
4684,f
4685,f
4686,f
4687,f
4688,f
4689,f
4690,f
4691,f
4692,f
4693,f
4694,f
4695,f
4696,f
4697,n
4698,f
4699,f
4700,f
4701,f
4702,f
4703,c
4704,f
4705,f
4706,f
4707,f
4708,f
4709,n
4710,f
4711,f
4712,f
4713,f
4714,f
4715,f
4716,f
4717,f
4718,n
4719,f
4720,n
4721,f
4722,f
4723,f
4724,f
4725,f
4726,f
4727,f
4728,f
4729,f
4730,f
4731,f
4732,f
4733,n
4734,f
4735,n
4736,f
4737,f
4738,f
4739,f
4740,f
4741,f
4742,f
4743,f
4744,f
4745,f
4746,f
4747,f
4748,f
4749,f
4750,c
4751,f
4752,f
4753,f
4754,f
4755,f
4756,f
4757,f
4758,f
4759,f
4760,f
4761,f
4762,f
4763,f
4764,f
4765,f
4766,f
4767,f
4768,f
4769,f
4770,f
4771,f
4772,f
4773,f
4774,f
4775,f
4776,f
4777,f
4778,n
4779,f
4780,c
4781,f
4782,f
4783,f
4784,n
4785,f
4786,f
4787,f
4788,f
4789,n
4790,f
4791,f
4792,f
4793,f
4794,f
4795,f
4796,f
4797,f
4798,f
4799,f
4800,n
4801,f
4802,f
4803,f
4804,f
4805,f
4806,f
4807,n
4808,f
4809,f
4810,f
4811,f
4812,f
4813,n
4814,f
4815,n
4816,f
4817,f
4818,s
4819,f
4820,f
4821,f
4822,f
4823,f
4824,f
4825,n
4826,f
4827,n
4828,f
4829,f
4830,f
4831,f
4832,n
4833,f
4834,f
4835,n
4836,c
4837,f
4838,f
4839,f
4840,f
4841,n
4842,f
4843,n
4844,n
4845,n
4846,f
4847,n
4848,f
4849,f
4850,f
4851,f
4852,f
4853,f
4854,f
4855,f
4856,f
4857,f
4858,f
4859,n
4860,n
4861,n
4862,f
4863,n
4864,f
4865,f
4866,f
4867,f
4868,f
4869,f
4870,f
4871,f
4872,n
4873,n
4874,f
4875,f
4876,f
4877,n
4878,f
4879,f
4880,f
4881,f
4882,f
4883,n
4884,f
4885,f
4886,f
4887,f
4888,f
4889,n
4890,f
4891,f
4892,f
4893,f
4894,f
4895,c
4896,f
4897,f
4898,f
4899,n
4900,n
4901,f
4902,f
4903,f
4904,y
4905,y
4906,f
4907,f
4908,f
4909,f
4910,f
4911,f
4912,n
4913,f
4914,f
4915,f
4916,f
4917,f
4918,f
4919,f
4920,f
4921,f
4922,c
4923,f
4924,n
4925,f
4926,f
4927,n
4928,f
4929,f
4930,f
4931,n
4932,n
4933,f
4934,f
4935,f
4936,f
4937,f
4938,f
4939,s
4940,n
4941,f
4942,f
4943,f
4944,f
4945,f
4946,n
4947,n
4948,f
4949,f
4950,f
4951,f
4952,n
4953,f
4954,f
4955,f
4956,f
4957,f
4958,f
4959,f
4960,f
4961,f
4962,f
4963,f
4964,f
4965,n
4966,n
4967,n
4968,n
4969,f
4970,f
4971,f
4972,f
4973,f
4974,f
4975,f
4976,f
4977,f
4978,f
4979,f
4980,f
4981,f
4982,f
4983,f
4984,f
4985,n
4986,f
4987,y
4988,f
4989,f
4990,f
4991,f
4992,f
4993,f
4994,n
4995,f
4996,f
4997,n
4998,f
4999,f
5000,f
5001,f
5002,n
5003,n
5004,f
5005,f
5006,n
5007,f
5008,f
5009,f
5010,f
5011,n
5012,f
5013,f
5014,f
5015,f
5016,n
5017,f
5018,f
5019,f
5020,f
5021,f
5022,c
5023,f
5024,n
5025,f
5026,f
5027,f
5028,f
5029,f
5030,f
5031,f
5032,f
5033,f
5034,f
5035,f
5036,f
5037,f
5038,f
5039,f
5040,f
5041,f
5042,s
5043,f
5044,f
5045,f
5046,f
5047,f
5048,f
5049,f
5050,f
5051,f
5052,y
5053,n
5054,n
5055,f
5056,f
5057,f
5058,f
5059,f
5060,f
5061,f
5062,f
5063,f
5064,f
5065,f
5066,f
5067,f
5068,f
5069,f
5070,f
5071,n
5072,n
5073,f
5074,f
5075,y
5076,f
5077,f
5078,f
5079,f
5080,n
5081,f
5082,f
5083,f
5084,f
5085,f
5086,n
5087,f
5088,n
5089,f
5090,f
5091,f
5092,f
5093,f
5094,f
5095,f
5096,f
5097,f
5098,n
5099,n
5100,f
5101,f
5102,n
5103,f
5104,f
5105,s
5106,y
5107,y
5108,n
5109,f
5110,n
5111,f
5112,f
5113,f
5114,n
5115,f
5116,f
5117,y
5118,n
5119,f
5120,f
5121,f
5122,f
5123,n
5124,f
5125,f
5126,f
5127,n
5128,f
5129,n
5130,f
5131,f
5132,n
5133,s
5134,y
5135,n
5136,n
5137,f
5138,n
5139,f
5140,f
5141,n
5142,f
5143,y
5144,f
5145,n
5146,f
5147,f
5148,y
5149,n
5150,f
5151,n
5152,n
5153,f
5154,n
5155,n
5156,y
5157,f
5158,f
5159,f
5160,f
5161,f
5162,f
5163,n
5164,n
5165,f
5166,f
5167,n
5168,f
5169,n
5170,n
5171,f
5172,f
5173,f
5174,f
5175,f
5176,n
5177,n
5178,n
5179,n
5180,n
5181,f
5182,f
5183,f
5184,f
5185,f
5186,n
5187,y
5188,f
5189,n
5190,f
5191,n
5192,f
5193,s
5194,n
5195,f
5196,f
5197,f
5198,n
5199,f
5200,f
5201,f
5202,f
5203,f
5204,f
5205,f
5206,n
5207,n
5208,f
5209,y
5210,f
5211,n
5212,f
5213,y
5214,f
5215,f
5216,n
5217,n
5218,f
5219,y
5220,n
5221,f
5222,n
5223,f
5224,n
5225,n
5226,f
5227,f
5228,f
5229,f
5230,f
5231,n
5232,n
5233,f
5234,n
5235,f
5236,f
5237,f
5238,n
5239,n
5240,n
5241,f
5242,n
5243,f
5244,n
5245,f
5246,y
5247,f
5248,f
5249,n
5250,f
5251,f
5252,f
5253,n
5254,f
5255,f
5256,n
5257,f
5258,n
5259,f
5260,n
5261,f
5262,f
5263,n
5264,f
5265,n
5266,f
5267,y
5268,y
5269,f
5270,n
5271,f
5272,n
5273,f
5274,n
5275,s
5276,f
5277,f
5278,n
5279,n
5280,f
5281,n
5282,n
5283,f
5284,n
5285,n
5286,n
5287,f
5288,y
5289,f
5290,f
5291,f
5292,n
5293,y
5294,f
5295,f
5296,n
5297,f
5298,s
5299,f
5300,n
5301,f
5302,f
5303,n
5304,f
5305,f
5306,s
5307,n
5308,f
5309,n
5310,n
5311,f
5312,n
5313,s
5314,n
5315,f
5316,f
5317,n
5318,n
5319,n
5320,f
5321,f
5322,s
5323,f
5324,f
5325,f
5326,n
5327,s
5328,f
5329,y
5330,f
5331,f
5332,f
5333,n
5334,f
5335,f
5336,n
5337,f
5338,s
5339,n
5340,f
5341,n
5342,n
5343,n
5344,f
5345,n
5346,n
5347,y
5348,f
5349,f
5350,f
5351,f
5352,n
5353,f
5354,f
5355,f
5356,f
5357,f
5358,f
5359,f
5360,f
5361,f
5362,n
5363,n
5364,f
5365,f
5366,y
5367,f
5368,f
5369,f
5370,n
5371,f
5372,n
5373,f
5374,f
5375,f
5376,f
5377,n
5378,f
5379,n
5380,s
5381,f
5382,f
5383,n
5384,f
5385,n
5386,n
5387,n
5388,n
5389,f
5390,n
5391,n
5392,f
5393,n
5394,f
5395,n
5396,f
5397,f
5398,f
5399,n
5400,f
5401,f
5402,n
5403,y
5404,f
5405,f
5406,n
5407,f
5408,f
5409,f
5410,f
5411,f
5412,y
5413,f
5414,n
5415,f
5416,n
5417,n
5418,n
5419,f
5420,f
5421,n
5422,n
5423,f
5424,n
5425,f
5426,f
5427,f
5428,f
5429,f
5430,f
5431,n
5432,f
5433,f
5434,f
5435,n
5436,f
5437,n
5438,f
5439,f
5440,n
5441,y
5442,s
5443,f
5444,n
5445,f
5446,f
5447,y
5448,f
5449,y
5450,f
5451,f
5452,f
5453,f
5454,f
5455,f
5456,f
5457,f
5458,f
5459,f
5460,f
5461,f
5462,s
5463,f
5464,n
5465,n
5466,y
5467,n
5468,f
5469,f
5470,y
5471,f
5472,y
5473,n
5474,y
5475,f
5476,f
5477,f
5478,n
5479,f
5480,n
5481,f
5482,n
5483,f
5484,y
5485,f
5486,f
5487,f
5488,n
5489,f
5490,s
5491,f
5492,f
5493,n
5494,n
5495,n
5496,f
5497,f
5498,n
5499,f
5500,f
5501,f
5502,y
5503,n
5504,n
5505,n
5506,f
5507,f
5508,y
5509,n
5510,f
5511,f
5512,y
5513,f
5514,s
5515,n
5516,n
5517,f
5518,y
5519,f
5520,s
5521,f
5522,s
5523,n
5524,f
5525,f
5526,n
5527,n
5528,f
5529,n
5530,f
5531,y
5532,f
5533,f
5534,f
5535,n
5536,f
5537,n
5538,n
5539,n
5540,f
5541,n
5542,f
5543,f
5544,f
5545,n
5546,f
5547,n
5548,n
5549,n
5550,y
5551,f
5552,n
5553,f
5554,n
5555,y
5556,f
5557,n
5558,n
5559,s
5560,f
5561,f
5562,f
5563,n
5564,n
5565,f
5566,f
5567,n
5568,f
5569,f
5570,n
5571,n
5572,n
5573,f
5574,y
5575,f
5576,f
5577,s
5578,n
5579,n
5580,f
5581,f
5582,f
5583,n
5584,y
5585,f
5586,y
5587,n
5588,n
5589,n
5590,y
5591,f
5592,f
5593,f
5594,n
5595,s
5596,s
5597,n
5598,f
5599,n
5600,n
5601,y
5602,n
5603,f
5604,s
5605,n
5606,n
5607,f
5608,f
5609,n
5610,f
5611,n
5612,f
5613,n
5614,f
5615,s
5616,y
5617,f
5618,n
5619,f
5620,n
5621,n
5622,f
5623,n
5624,n
5625,n
5626,f
5627,f
5628,f
5629,n
5630,f
5631,n
5632,f
5633,f
5634,n
5635,y
5636,f
5637,f
5638,n
5639,n
5640,f
5641,n
5642,n
5643,f
5644,f
5645,y
5646,n
5647,f
5648,f
5649,f
5650,n
5651,f
5652,f
5653,n
5654,n
5655,f
5656,f
5657,f
5658,f
5659,f
5660,n
5661,f
5662,n
5663,f
5664,f
5665,n
5666,f
5667,n
5668,f
5669,y
5670,n
5671,f
5672,f
5673,f
5674,y
5675,n
5676,f
5677,f
5678,f
5679,f
5680,n
5681,n
5682,n
5683,y
5684,n
5685,f
5686,f
5687,n
5688,n
5689,f
5690,f
5691,y
5692,n
5693,n
5694,f
5695,y
5696,n
5697,f
5698,s
5699,n
5700,f
5701,f
5702,f
5703,n
5704,n
5705,n
5706,f
5707,f
5708,f
5709,f
5710,y
5711,f
5712,n
5713,f
5714,y
5715,n
5716,n
5717,f
5718,n
5719,f
5720,s
5721,n
5722,y
5723,s
5724,f
5725,n
5726,f
5727,n
5728,n
5729,f
5730,f
5731,f
5732,n
5733,n
5734,n
5735,n
5736,f
5737,y
5738,n
5739,n
5740,f
5741,f
5742,n
5743,f
5744,n
5745,n
5746,s
5747,f
5748,f
5749,n
5750,f
5751,f
5752,n
5753,n
5754,f
5755,n
5756,s
5757,f
5758,n
5759,f
5760,f
5761,n
5762,y
5763,f
5764,f
5765,n
5766,f
5767,f
5768,n
5769,s
5770,n
5771,f
5772,y
5773,f
5774,n
5775,n
5776,f
5777,n
5778,n
5779,f
5780,n
5781,y
5782,n
5783,n
5784,n
5785,f
5786,f
5787,f
5788,n
5789,n
5790,n
5791,s
5792,f
5793,f
5794,n
5795,n
5796,f
5797,f
5798,f
5799,f
5800,y
5801,n
5802,f
5803,f
5804,f
5805,n
5806,f
5807,f
5808,n
5809,f
5810,f
5811,f
5812,f
5813,f
5814,f
5815,n
5816,s
5817,n
5818,y
5819,f
5820,y
5821,n
5822,f
5823,f
5824,n
5825,f
5826,f
5827,n
5828,f
5829,n
5830,f
5831,f
5832,s
5833,f
5834,n
5835,s
5836,n
5837,n
5838,f
5839,f
5840,n
5841,n
5842,f
5843,f
5844,f
5845,f
5846,f
5847,f
5848,n
5849,f
5850,n
5851,s
5852,f
5853,f
5854,n
5855,f
5856,n
5857,f
5858,f
5859,n
5860,n
5861,f
5862,n
5863,n
5864,n
5865,y
5866,n
5867,f
5868,n
5869,s
5870,y
5871,f
5872,f
5873,s
5874,f
5875,n
5876,n
5877,f
5878,f
5879,s
5880,f
5881,f
5882,f
5883,n
5884,n
5885,y
5886,f
5887,n
5888,f
5889,f
5890,f
5891,f
5892,f
5893,f
5894,n
5895,n
5896,n
5897,f
5898,f
5899,n
5900,f
5901,s
5902,n
5903,f
5904,n
5905,f
5906,f
5907,n
5908,n
5909,f
5910,f
5911,f
5912,f
5913,f
5914,n
5915,n
5916,f
5917,n
5918,n
5919,f
5920,f
5921,f
5922,f
5923,f
5924,f
5925,f
5926,f
5927,f
5928,n
5929,f
5930,n
5931,n
5932,y
5933,y
5934,f
5935,f
5936,n
5937,f
5938,n
5939,n
5940,n
5941,n
5942,f
5943,f
5944,f
5945,s
5946,n
5947,f
5948,n
5949,n
5950,n
5951,f
5952,f
5953,f
5954,n
5955,f
5956,n
5957,s
5958,f
5959,f
5960,f
5961,f
5962,n
5963,n
5964,n
5965,n
5966,f
5967,s
5968,f
5969,f
5970,f
5971,n
5972,y
5973,n
5974,y
5975,f
5976,f
5977,n
5978,f
5979,n
5980,f
5981,n
5982,f
5983,n
5984,f
5985,f
5986,f
5987,f
5988,f
5989,f
5990,s
5991,f
5992,f
5993,n
5994,f
5995,y
5996,f
5997,n
5998,n
5999,f
6000,f
6001,f
6002,s
6003,f
6004,f
6005,f
6006,s
6007,y
6008,y
6009,s
6010,f
6011,f
6012,s
6013,s
6014,f
6015,y
6016,f
6017,y
6018,f
6019,s
6020,y
6021,f
6022,y
6023,s
6024,y
6025,y
6026,s
6027,y
6028,y
6029,s
6030,y
6031,s
6032,s
6033,s
6034,f
6035,s
6036,s
6037,f
6038,y
6039,n
6040,y
6041,n
6042,y
6043,s
6044,y
6045,y
6046,y
6047,f
6048,s
6049,y
6050,f
6051,s
6052,f
6053,s
6054,y
6055,f
6056,y
6057,f
6058,y
6059,f
6060,s
6061,f
6062,f
6063,s
6064,f
6065,s
6066,s
6067,f
6068,s
6069,n
6070,y
6071,f
6072,f
6073,s
6074,s
6075,s
6076,f
6077,y
6078,f
6079,s
6080,s
6082,y
6083,s
6084,s
6085,y
6086,s
6087,y
6088,s
6089,y
6090,s
6091,f
6092,y
6093,f
6094,f
6095,y
6096,f
6097,f
6098,y
6099,y
6100,f
6101,f
6102,s
6103,f
6104,s
6105,y
6106,y
6107,s
6108,y
6109,s
6110,f
6111,y
6112,s
6113,f
6114,f
6115,f
6116,s
6117,s
6118,f
6119,f
6120,s
6121,n
6122,y
6123,y
6124,y
6125,s
6126,y
6127,s
6128,f
6129,f
6130,y
6131,f
6132,f
6133,y
6134,y
6135,s
6136,f
6137,s
6138,y
6139,y
6140,f
6141,s
6142,y
6143,n
6144,s
6145,f
6146,s
6147,y
6148,n
6149,s
6150,s
6151,s
6152,f
6153,f
6154,f
6155,s
6156,y
6157,f
6158,f
6159,f
6160,s
6161,f
6162,s
6163,s
6164,s
6165,y
6166,y
6167,f
6168,y
6169,y
6170,y
6171,y
6172,f
6173,f
6174,f
6175,f
6176,f
6177,f
6178,f
6179,s
6180,y
6181,f
6182,s
6183,f
6184,s
6185,s
6186,y
6187,f
6188,s
6189,s
6190,s
6191,s
6192,f
6193,f
6194,f
6195,n
6196,s
6197,s
6198,s
6199,y
6200,y
6201,f
6202,f
6203,f
6204,n
6205,s
6206,f
6207,y
6208,s
6209,y
6210,y
6211,f
6212,y
6213,f
6214,s
6215,n
6216,s
6217,f
6218,f
6219,s
6220,n
6221,s
6222,y
6223,f
6224,s
6225,f
6226,y
6227,s
6228,f
6229,s
6230,y
6231,y
6232,y
6233,y
6234,y
6235,f
6236,f
6237,f
6238,s
6239,y
6240,y
6241,s
6242,f
6243,f
6244,y
6245,y
6246,f
6247,s
6248,s
6249,f
6250,y
6251,s
6252,s
6253,f
6254,s
6255,s
6256,y
6257,y
6258,s
6259,s
6260,y
6261,f
6262,n
6263,y
6264,s
6265,y
6266,s
6267,s
6268,y
6269,s
6270,y
6271,f
6272,s
6273,s
6274,f
6275,s
6276,y
6277,s
6278,f
6279,f
6280,n
6281,s
6282,y
6283,f
6284,f
6285,y
6286,s
6287,f
6288,f
6289,f
6290,s
6291,y
6292,s
6293,s
6294,s
6295,y
6296,f
6297,f
6298,f
6299,y
6300,y
6301,s
6302,y
6303,f
6304,s
6305,s
6306,f
6307,f
6308,f
6309,y
6310,f
6311,f
6312,f
6313,f
6314,s
6315,f
6316,y
6317,f
6318,y
6319,f
6320,y
6321,f
6322,y
6323,f
6324,s
6325,s
6326,y
6327,s
6328,y
6329,f
6330,f
6331,f
6332,n
6333,f
6334,f
6335,s
6336,s
6337,f
6338,y
6339,s
6340,f
6341,f
6342,f
6343,f
6344,y
6345,f
6346,f
6347,f
6348,s
6349,f
6350,f
6351,f
6352,f
6353,s
6354,y
6355,y
6356,y
6357,f
6358,y
6359,y
6360,f
6361,f
6362,y
6363,f
6364,s
6365,y
6366,f
6367,n
6368,f
6369,f
6370,y
6371,f
6372,y
6373,f
6374,f
6375,y
6376,n
6377,f
6378,s
6379,y
6380,s
6381,s
6382,f
6383,s
6384,s
6385,y
6386,f
6387,s
6388,f
6389,y
6390,s
6391,y
6392,s
6393,f
6394,y
6395,y
6396,f
6397,n
6398,y
6399,f
6400,y
6401,s
6402,s
6403,f
6404,n
6405,s
6406,s
6407,n
6408,y
6409,s
6410,f
6411,s
6412,f
6413,s
6414,s
6415,s
6416,m
6417,y
6418,y
6419,s
6420,y
6421,f
6422,s
6423,f
6424,s
6425,n
6426,s
6427,s
6428,s
6429,f
6430,y
6431,f
6432,s
6433,y
6434,f
6435,n
6436,s
6437,f
6438,f
6439,y
6440,f
6441,s
6442,f
6443,y
6444,s
6445,y
6446,y
6447,y
6448,y
6449,y
6450,n
6451,y
6452,y
6453,f
6454,s
6455,y
6456,f
6457,s
6458,s
6459,y
6460,s
6461,s
6462,f
6463,s
6464,f
6465,f
6466,y
6467,y
6468,y
6469,y
6470,f
6471,f
6472,f
6473,s
6474,y
6475,f
6476,y
6477,f
6478,y
6479,s
6480,s
6481,s
6482,y
6483,s
6484,y
6485,y
6486,y
6487,s
6488,f
6489,s
6490,f
6491,s
6492,s
6493,f
6494,s
6495,f
6496,y
6497,y
6498,f
6499,s
6500,f
6501,f
6502,s
6503,f
6504,f
6505,y
6506,s
6507,f
6508,s
6509,y
6510,n
6511,s
6512,f
6513,y
6514,y
6515,y
6516,f
6517,y
6518,n
6519,f
6520,f
6521,y
6522,y
6523,y
6524,f
6525,s
6526,f
6527,s
6528,s
6529,y
6530,s
6531,n
6532,f
6533,f
6534,f
6535,s
6536,y
6537,y
6538,s
6539,y
6540,y
6541,s
6542,s
6543,f
6544,s
6545,s
6546,f
6547,y
6548,f
6549,s
6550,s
6551,f
6552,s
6553,y
6554,s
6555,y
6556,f
6557,s
6558,s
6559,n
6560,y
6561,y
6562,f
6563,y
6564,y
6565,y
6566,f
6567,y
6568,f
6569,f
6570,s
6571,y
6572,s
6573,f
6574,y
6575,y
6576,f
6577,f
6578,y
6579,f
6580,y
6581,y
6582,s
6583,s
6584,s
6585,s
6586,y
6587,y
6588,y
6589,s
6590,f
6591,y
6592,s
6593,s
6594,s
6595,s
6596,s
6597,y
6598,s
6599,y
6600,n
6601,y
6602,s
6603,s
6604,s
6605,s
6606,f
6607,f
6608,s
6609,y
6610,f
6611,f
6612,f
6613,f
6614,y
6615,s
6616,f
6617,y
6618,s
6619,f
6620,s
6621,s
6622,f
6623,s
6624,y
6625,f
6626,s
6627,y
6628,s
6629,y
6630,y
6631,s
6632,y
6633,f
6634,s
6635,f
6636,s
6637,f
6638,y
6639,y
6640,y
6641,y
6642,y
6643,s
6644,f
6645,y
6646,f
6647,y
6648,s
6649,y
6650,y
6651,s
6652,y
6653,s
6654,f
6655,y
6656,s
6657,f
6658,f
6659,s
6660,y
6661,n
6662,y
6663,s
6664,n
6665,y
6666,s
6667,s
6668,s
6669,m
6670,s
6671,s
6672,y
6673,s
6674,f
6675,f
6676,f
6677,s
6678,y
6679,y
6680,s
6681,y
6682,f
6683,s
6684,f
6685,f
6686,y
6687,f
6688,s
6689,f
6690,y
6691,y
6692,s
6693,y
6694,s
6695,s
6696,f
6697,y
6698,f
6699,y
6700,s
6701,f
6702,y
6703,s
6704,s
6705,f
6706,y
6707,f
6708,y
6709,y
6710,f
6711,y
6712,f
6713,f
6714,f
6715,s
6716,y
6717,s
6718,f
6719,y
6720,s
6721,s
6722,f
6723,s
6724,f
6725,s
6726,y
6727,s
6728,y
6729,s
6730,f
6731,f
6732,s
6733,y
6734,s
6735,y
6736,s
6737,y
6738,s
6739,y
6740,y
6741,f
6742,y
6743,s
6744,y
6745,n
6746,y
6747,f
6748,s
6749,f
6750,y
6751,s
6752,y
6753,n
6754,s
6755,f
6756,s
6757,f
6758,f
6759,s
6760,s
6761,y
6762,f
6763,n
6764,n
6765,s
6766,s
6767,s
6768,s
6769,y
6770,f
6771,y
6772,f
6773,s
6774,y
6775,n
6776,f
6777,y
6778,y
6779,y
6780,f
6781,y
6782,y
6783,y
6784,y
6785,f
6786,s
6787,f
6788,s
6789,f
6790,s
6791,f
6792,s
6793,s
6794,s
6795,y
6796,s
6797,f
6798,f
6799,y
6800,f
6801,y
6802,s
6803,y
6804,f
6805,s
6806,f
6807,y
6808,y
6809,s
6810,y
6811,f
6812,f
6813,f
6814,y
6815,s
6816,y
6817,f
6818,s
6819,f
6820,y
6821,y
6822,s
6823,y
6824,y
6825,y
6826,s
6827,f
6828,n
6829,y
6830,y
6831,s
6832,s
6833,s
6834,f
6835,f
6836,f
6837,f
6838,f
6839,f
6840,f
6841,s
6842,y
6843,f
6844,s
6845,s
6846,s
6847,y
6848,s
6849,f
6850,n
6851,f
6852,s
6853,s
6854,f
6855,f
6856,m
6857,f
6858,s
6859,y
6860,f
6861,n
6862,y
6863,y
6864,y
6865,s
6866,y
6867,y
6868,f
6869,f
6870,f
6871,f
6872,y
6873,y
6874,y
6875,s
6876,f
6877,y
6878,y
6879,f
6880,f
6881,f
6882,f
6883,y
6884,f
6885,n
6886,y
6887,y
6888,s
6889,s
6890,f
6891,s
6892,s
6893,f
6894,s
6895,s
6896,s
6897,f
6898,y
6899,y
6900,f
6901,n
6902,y
6903,y
6904,f
6905,n
6906,n
6907,n
6908,n
6909,s
6910,f
6911,n
6912,s
6913,n
6914,f
6915,n
6916,f
6917,s
6918,s
6919,y
6920,s
6921,n
6922,s
6923,y
6924,f
6925,n
6926,s
6927,y
6928,n
6929,n
6930,y
6931,y
6932,s
6933,n
6934,f
6935,y
6936,y
6937,f
6938,n
6939,n
6940,y
6941,y
6942,n
6943,s
6944,y
6945,s
6946,m
6947,f
6948,s
6949,s
6950,f
6951,f
6952,f
6953,n
6954,s
6955,f
6956,y
6957,s
6958,s
6959,n
6960,f
6961,s
6962,s
6963,s
6964,y
6965,s
6966,y
6967,f
6968,n
6969,f
6970,f
6971,n
6972,f
6973,y
6974,s
6975,s
6976,n
6977,f
6978,y
6979,f
6980,f
6981,y
6982,f
6983,s
6984,f
6985,n
6986,y
6987,f
6988,f
6989,s
6990,n
6991,n
6992,m
6993,y
6994,y
6995,n
6996,s
6997,s
6998,n
6999,n
7000,n
7001,s
7002,s
7003,s
7004,n
7005,n
7006,n
7007,f
7008,s
7009,n
7010,n
7011,f
7012,n
7013,s
7014,f
7015,f
7016,n
7017,n
7018,y
7019,f
7020,n
7021,n
7022,s
7023,n
7024,y
7025,y
7026,n
7027,n
7028,s
7029,y
7030,s
7031,y
7032,y
7033,n
7034,n
7035,m
7036,n
7037,n
7038,n
7039,s
7040,n
7041,n
7042,n
7043,y
7044,s
7045,s
7046,y
7047,n
7048,s
7049,s
7050,s
7051,n
7052,n
7053,f
7054,s
7055,n
7056,y
7057,y
7058,s
7059,s
7060,s
7061,y
7062,s
7063,y
7064,n
7065,y
7066,m
7067,f
7068,n
7069,f
7070,y
7071,s
7072,y
7073,f
7074,n
7075,f
7076,f
7077,y
7078,y
7079,f
7080,n
7081,s
7082,s
7083,f
7084,s
7085,f
7086,y
7087,n
7088,s
7089,s
7090,n
7091,n
7092,m
7093,s
7094,f
7095,f
7096,y
7097,y
7098,y
7099,n
7100,f
7101,m
7102,s
7103,s
7104,n
7105,y
7106,y
7107,f
7108,y
7109,f
7110,f
7111,n
7112,m
7113,y
7114,f
7115,f
7116,s
7117,n
7118,y
7119,y
7120,n
7121,s
7122,y
7123,s
7124,n
7125,s
7126,s
7127,y
7128,f
7129,n
7130,y
7131,y
7132,y
7133,f
7134,n
7135,n
7136,n
7137,n
7138,y
7139,f
7140,s
7141,y
7142,n
7143,s
7144,n
7145,f
7146,f
7147,m
7148,s
7149,s
7150,s
7151,f
7152,f
7153,s
7154,n
7155,y
7156,y
7157,s
7158,y
7159,n
7160,s
7161,s
7162,s
7163,n
7164,y
7165,y
7166,y
7167,m
7168,n
7169,f
7170,f
7171,n
7172,f
7173,s
7174,n
7175,f
7176,s
7177,n
7178,f
7179,f
7180,s
7181,s
7182,n
7183,n
7184,n
7185,s
7186,n
7187,y
7188,s
7189,n
7190,y
7191,f
7192,y
7193,s
7194,s
7195,f
7196,n
7197,f
7198,s
7199,y
7200,f
7201,n
7202,f
7203,n
7204,y
7205,n
7206,n
7207,f
7208,f
7209,n
7210,y
7211,s
7212,n
7213,f
7214,f
7215,f
7216,s
7217,s
7218,n
7219,f
7220,f
7221,n
7222,n
7223,n
7224,s
7225,f
7226,s
7227,n
7228,s
7229,n
7230,n
7231,m
7232,n
7233,y
7234,n
7235,n
7236,n
7237,n
7238,f
7239,y
7240,n
7241,y
7242,y
7243,y
7244,s
7245,n
7246,n
7247,n
7248,s
7249,s
7250,y
7251,y
7252,n
7253,y
7254,n
7255,y
7256,n
7257,f
7258,f
7259,n
7260,y
7261,n
7262,f
7263,f
7264,n
7265,s
7266,m
7267,n
7268,y
7269,s
7270,y
7271,n
7272,n
7273,s
7274,n
7275,f
7276,y
7277,n
7278,y
7279,n
7280,y
7281,n
7282,n
7283,s
7284,f
7285,n
7286,m
7287,y
7288,f
7289,y
7290,f
7291,n
7292,f
7293,n
7294,n
7295,y
7296,n
7297,y
7298,s
7299,s
7300,n
7301,n
7302,n
7303,s
7304,s
7305,s
7306,n
7307,n
7308,y
7309,f
7310,n
7311,y
7312,n
7313,y
7314,s
7315,n
7316,n
7317,f
7318,f
7319,s
7320,n
7321,f
7322,y
7323,f
7324,m
7325,f
7326,n
7327,f
7328,n
7329,n
7330,n
7331,s
7332,y
7333,f
7334,y
7335,n
7336,n
7337,m
7338,f
7339,f
7340,y
7341,s
7342,s
7343,m
7344,s
7345,n
7346,y
7347,n
7348,f
7349,y
7350,n
7351,n
7352,y
7353,n
7354,n
7355,n
7356,s
7357,f
7358,f
7359,n
7360,n
7361,n
7362,n
7363,y
7364,y
7365,y
7366,f
7367,n
7368,n
7369,m
7370,y
7371,n
7372,s
7373,n
7374,n
7375,f
7376,n
7377,n
7378,n
7379,n
7380,y
7381,f
7382,s
7383,y
7384,f
7385,y
7386,n
7387,m
7388,y
7389,n
7390,f
7391,n
7392,n
7393,s
7394,y
7395,f
7396,f
7397,s
7398,y
7399,n
7400,y
7401,n
7402,n
7403,s
7404,y
7405,n
7406,n
7407,y
7408,n
7409,y
7410,f
7411,y
7412,n
7413,n
7414,n
7415,f
7416,n
7417,n
7418,s
7419,n
7420,f
7421,y
7422,s
7423,n
7424,f
7425,f
7426,n
7427,f
7428,y
7429,y
7430,s
7431,f
7432,s
7433,n
7434,s
7435,n
7436,s
7437,y
7438,n
7439,s
7440,n
7441,n
7442,s
7443,s
7444,n
7445,n
7446,n
7447,n
7448,s
7449,y
7450,n
7451,n
7452,f
7453,f
7454,f
7455,f
7456,n
7457,f
7458,s
7459,f
7460,n
7461,n
7462,s
7463,f
7464,n
7465,s
7466,s
7467,y
7468,n
7469,n
7470,m
7471,f
7472,f
7473,y
7474,f
7475,s
7476,s
7477,y
7478,s
7479,y
7480,n
7481,m
7482,n
7483,y
7484,n
7485,s
7486,m
7487,n
7488,y
7489,s
7490,y
7491,n
7492,s
7493,f
7494,s
7495,s
7496,s
7497,s
7498,y
7499,n
7500,n
7501,n
7502,s
7503,f
7504,y
7505,f
7506,y
7507,f
7508,y
7509,y
7510,s
7511,n
7512,s
7513,s
7514,n
7515,n
7516,s
7517,n
7518,s
7519,s
7520,s
7521,s
7522,f
7523,n
7524,n
7525,n
7526,y
7527,n
7528,s
7529,n
7530,n
7531,s
7532,n
7533,n
7534,n
7535,n
7536,n
7537,m
7538,n
7539,y
7540,s
7541,n
7542,n
7543,n
7544,n
7545,f
7546,s
7547,s
7548,n
7549,n
7550,f
7551,n
7552,y
7553,n
7554,s
7555,s
7556,n
7557,y
7558,f
7559,n
7560,n
7561,n
7562,n
7563,y
7564,y
7565,n
7566,y
7567,n
7568,s
7569,f
7570,s
7571,n
7572,y
7573,y
7574,n
7575,s
7576,f
7577,n
7578,f
7579,y
7580,s
7581,y
7582,n
7583,y
7584,s
7585,n
7586,n
7587,n
7588,s
7589,y
7590,y
7591,n
7592,f
7593,s
7594,n
7595,y
7596,f
7597,s
7598,n
7599,f
7600,f
7601,n
7602,f
7603,n
7604,f
7605,n
7606,s
7607,f
7608,y
7609,y
7610,n
7611,n
7612,s
7613,n
7614,y
7615,y
7616,n
7617,y
7618,n
7619,y
7620,y
7621,y
7622,y
7623,n
7624,n
7625,y
7626,f
7627,n
7628,n
7629,s
7630,s
7631,n
7632,n
7633,n
7634,y
7635,f
7636,m
7637,n
7638,f
7639,s
7640,s
7641,n
7642,n
7643,n
7644,n
7645,n
7646,s
7647,s
7648,s
7649,f
7650,n
7651,n
7652,n
7653,n
7654,s
7655,f
7656,y
7657,y
7658,f
7659,n
7660,n
7661,y
7662,y
7663,n
7664,s
7665,n
7666,n
7667,s
7668,s
7669,s
7670,s
7671,f
7672,n
7673,f
7674,n
7675,n
7676,y
7677,f
7678,f
7679,n
7680,s
7681,n
7682,f
7683,n
7684,f
7685,s
7686,n
7687,f
7688,s
7689,n
7690,n
7691,y
7692,s
7693,n
7694,y
7695,f
7696,s
7697,f
7698,f
7699,n
7700,n
7701,s
7702,n
7703,n
7704,y
7705,n
7706,n
7707,n
7708,f
7709,f
7710,m
7711,n
7712,s
7713,n
7714,f
7715,m
7716,s
7717,n
7718,n
7719,s
7720,y
7721,n
7722,n
7723,s
7724,n
7725,n
7726,n
7727,y
7728,m
7729,s
7730,n
7731,f
7732,s
7733,y
7734,s
7735,f
7736,f
7737,n
7738,n
7739,s
7740,n
7741,n
7742,n
7743,s
7744,n
7745,n
7746,n
7747,n
7748,n
7749,n
7750,n
7751,f
7752,s
7753,n
7754,n
7755,f
7756,s
7757,f
7758,f
7759,s
7760,n
7761,s
7762,n
7763,n
7764,n
7765,s
7766,n
7767,f
7768,f
7769,s
7770,n
7771,f
7772,s
7773,n
7774,y
7775,y
7776,f
7777,n
7778,n
7779,s
7780,n
7781,y
7782,s
7783,n
7784,n
7785,f
7786,s
7787,f
7788,f
7789,n
7790,y
7791,n
7792,n
7793,s
7794,y
7795,s
7796,n
7797,y
7798,n
7799,s
7800,s
7801,s
7802,m
7803,s
7804,n
7805,y
7806,m
7807,y
7808,n
7809,s
7810,n
7811,n
7812,n
7813,s
7814,n
7815,n
7816,s
7817,y
7818,n
7819,n
7820,f
7821,m
7822,f
7823,f
7824,n
7825,f
7826,n
7827,s
7828,s
7829,n
7830,n
7831,n
7832,n
7833,y
7834,n
7835,n
7836,y
7837,n
7838,f
7839,n
7840,y
7841,n
7842,s
7843,n
7844,n
7845,n
7846,n
7847,y
7848,n
7849,f
7850,s
7851,f
7852,f
7853,s
7854,s
7855,n
7856,s
7857,y
7858,s
7859,n
7860,n
7861,n
7862,f
7863,f
7864,s
7865,f
7866,f
7867,n
7868,n
7869,f
7870,f
7871,n
7872,n
7873,n
7874,s
7875,f
7876,y
7877,y
7878,s
7879,n
7880,f
7881,s
7882,f
7883,n
7884,y
7885,y
7886,f
7887,n
7888,n
7889,s
7890,s
7891,n
7892,s
7893,y
7894,n
7895,n
7896,n
7897,y
7898,s
7899,n
7900,y
7901,n
7902,s
7903,y
7904,f
7905,n
7906,n
7907,f
7908,n
7909,f
7910,n
7911,m
7912,n
7913,n
7914,n
7915,f
7916,n
7917,n
7918,f
7919,n
7920,n
7921,f
7922,n
7923,n
7924,f
7925,y
7926,s
7927,s
7928,n
7929,s
7930,n
7931,f
7932,n
7933,s
7934,n
7935,f
7936,y
7937,f
7938,n
7939,n
7940,n
7941,n
7942,m
7943,y
7944,f
7945,n
7946,n
7947,n
7948,s
7949,y
7950,s
7951,y
7952,f
7953,n
7954,n
7955,n
7956,n
7957,n
7958,n
7959,n
7960,f
7961,n
7962,y
7963,y
7964,f
7965,n
7966,n
7967,n
7968,f
7969,f
7970,y
7971,n
7972,n
7973,n
7974,f
7975,n
7976,n
7977,n
7978,n
7979,s
7980,n
7981,f
7982,m
7983,y
7984,n
7985,n
7986,n
7987,n
7988,f
7989,n
7990,y
7991,f
7992,n
7993,f
7994,n
7995,n
7996,y
7997,n
7998,y
7999,s
8000,n
8001,n
8002,n
8003,n
8004,n
8005,f
8006,s
8007,y
8008,f
8009,f
8010,n
8011,n
8012,n
8013,s
8014,n
8015,n
8016,n
8017,s
8018,n
8019,n
8020,n
8021,y
8022,y
8023,y
8024,y
8025,f
8026,n
8027,n
8028,f
8029,f
8030,n
8031,n
8032,f
8033,f
8034,f
8035,n
8036,n
8037,n
8038,y
8039,n
8040,f
8041,n
8042,y
8043,n
8044,n
8045,n
8046,y
8047,n
8048,y
8049,y
8050,f
8051,s
8052,n
8053,n
8054,f
8055,n
8056,n
8057,n
8058,n
8059,s
8060,f
8061,s
8062,s
8063,y
8064,n
8065,f
8066,n
8067,f
8068,n
8069,n
8070,n
8071,s
8072,n
8073,f
8074,n
8075,n
8076,n
8077,n
8078,n
8079,n
8080,f
8081,s
8082,f
8083,s
8084,y
8085,n
8086,n
8087,n
8088,f
8089,n
8090,f
8091,f
8092,f
8093,y
8094,y
8095,n
8096,m
8097,n
8098,s
8099,y
8100,n
8101,n
8102,s
8103,n
8104,n
8105,n
8106,n
8107,n
8108,n
8109,y
8110,n
8111,n
8112,n
8113,n
8114,y
8115,m
8116,n
8117,s
8118,y
8119,f
8120,n
8121,n
8122,n
8123,y
8124,n
